-- GENERATED by scripts/generate-sql-seed.ts — do not edit by hand.
-- Source of truth: src/lib/data/seed.ts
begin;

-- airlines
insert into public.airlines (id, name, iata, country) values ('air-canada', 'Air Canada', 'AC', 'CA') on conflict (id) do nothing;
insert into public.airlines (id, name, iata, country) values ('delta', 'Delta Air Lines', 'DL', 'US') on conflict (id) do nothing;
insert into public.airlines (id, name, iata, country) values ('united', 'United Airlines', 'UA', 'US') on conflict (id) do nothing;
insert into public.airlines (id, name, iata, country) values ('american', 'American Airlines', 'AA', 'US') on conflict (id) do nothing;
insert into public.airlines (id, name, iata, country) values ('southwest', 'Southwest Airlines', 'WN', 'US') on conflict (id) do nothing;
insert into public.airlines (id, name, iata, country) values ('jetblue', 'JetBlue Airways', 'B6', 'US') on conflict (id) do nothing;
insert into public.airlines (id, name, iata, country) values ('alaska', 'Alaska Airlines', 'AS', 'US') on conflict (id) do nothing;
insert into public.airlines (id, name, iata, country) values ('lufthansa', 'Lufthansa', 'LH', 'DE') on conflict (id) do nothing;

-- carriers
insert into public.carriers (id, brand, model, sku, soft_sided, length_cm, width_cm, height_cm, weight_kg, max_pet_weight_kg, verification, image_url, affiliate_url, affiliate_targets, price_usd, description) values ('sherpa-original-md', 'Sherpa', 'Original Deluxe (Medium)', 'SHP-OD-M', true, 43, 27, 27, 1.2, 6.8, 'verified', null, 'https://www.amazon.com/s?k=Sherpa%20Original%20Deluxe%20(Medium)%20pet%20carrier', '{"amazon":"https://www.amazon.com/s?k=Sherpa%20Original%20Deluxe%20(Medium)%20pet%20carrier","chewy":"https://www.chewy.com/s?query=Sherpa%20Original%20Deluxe%20(Medium)"}'::jsonb, 45, 'Airline-favorite soft carrier with mesh panels.') on conflict (id) do nothing;
insert into public.carriers (id, brand, model, sku, soft_sided, length_cm, width_cm, height_cm, weight_kg, max_pet_weight_kg, verification, image_url, affiliate_url, affiliate_targets, price_usd, description) values ('sherpa-original-lg', 'Sherpa', 'Original Deluxe (Large)', 'SHP-OD-L', true, 48, 29, 29, 1.5, 8, 'verified', null, 'https://www.amazon.com/s?k=Sherpa%20Original%20Deluxe%20(Large)%20pet%20carrier', '{"amazon":"https://www.amazon.com/s?k=Sherpa%20Original%20Deluxe%20(Large)%20pet%20carrier","chewy":"https://www.chewy.com/s?query=Sherpa%20Original%20Deluxe%20(Large)"}'::jsonb, 55, null) on conflict (id) do nothing;
insert into public.carriers (id, brand, model, sku, soft_sided, length_cm, width_cm, height_cm, weight_kg, max_pet_weight_kg, verification, image_url, affiliate_url, affiliate_targets, price_usd, description) values ('sleepypod-air', 'Sleepypod', 'Air In-Cabin', 'SLP-AIR', true, 55, 27, 27, 2, 4.5, 'verified', null, 'https://www.amazon.com/s?k=Sleepypod%20Air%20In-Cabin%20pet%20carrier', '{"amazon":"https://www.amazon.com/s?k=Sleepypod%20Air%20In-Cabin%20pet%20carrier","chewy":"https://www.chewy.com/s?query=Sleepypod%20Air%20In-Cabin"}'::jsonb, 200, 'Adjustable length to compress under the seat.') on conflict (id) do nothing;
insert into public.carriers (id, brand, model, sku, soft_sided, length_cm, width_cm, height_cm, weight_kg, max_pet_weight_kg, verification, image_url, affiliate_url, affiliate_targets, price_usd, description) values ('sturdibag-large', 'SturdiBag', 'Large Flexible-Height', 'STB-LG', true, 46, 30, 30, 1, 4.5, 'verified', null, 'https://www.amazon.com/s?k=SturdiBag%20Large%20Flexible-Height%20pet%20carrier', '{"amazon":"https://www.amazon.com/s?k=SturdiBag%20Large%20Flexible-Height%20pet%20carrier","chewy":"https://www.chewy.com/s?query=SturdiBag%20Large%20Flexible-Height"}'::jsonb, 95, 'Flex-height top collapses for under-seat fit.') on conflict (id) do nothing;
insert into public.carriers (id, brand, model, sku, soft_sided, length_cm, width_cm, height_cm, weight_kg, max_pet_weight_kg, verification, image_url, affiliate_url, affiliate_targets, price_usd, description) values ('sturdibag-small', 'SturdiBag', 'Small Flexible-Height', 'STB-SM', true, 41, 25, 25, 0.9, 3.6, 'verified', null, 'https://www.amazon.com/s?k=SturdiBag%20Small%20Flexible-Height%20pet%20carrier', '{"amazon":"https://www.amazon.com/s?k=SturdiBag%20Small%20Flexible-Height%20pet%20carrier","chewy":"https://www.chewy.com/s?query=SturdiBag%20Small%20Flexible-Height"}'::jsonb, 80, null) on conflict (id) do nothing;
insert into public.carriers (id, brand, model, sku, soft_sided, length_cm, width_cm, height_cm, weight_kg, max_pet_weight_kg, verification, image_url, affiliate_url, affiliate_targets, price_usd, description) values ('petmate-two-door', 'Petmate', 'Two Door Top Load', 'PTM-2DTL', false, 48, 32, 33, 2.5, 5.4, 'verified', null, 'https://www.amazon.com/s?k=Petmate%20Two%20Door%20Top%20Load%20pet%20carrier', '{"amazon":"https://www.amazon.com/s?k=Petmate%20Two%20Door%20Top%20Load%20pet%20carrier","chewy":"https://www.chewy.com/s?query=Petmate%20Two%20Door%20Top%20Load"}'::jsonb, 40, 'Hard-sided; better for cargo than most cabins.') on conflict (id) do nothing;
insert into public.carriers (id, brand, model, sku, soft_sided, length_cm, width_cm, height_cm, weight_kg, max_pet_weight_kg, verification, image_url, affiliate_url, affiliate_targets, price_usd, description) values ('amazonbasics-soft-sm', 'Amazon Basics', 'Soft-Sided (Small)', 'AMZ-SS-S', true, 41, 28, 28, 1, 4, 'unverified', null, 'https://www.amazon.com/s?k=Amazon%20Basics%20Soft-Sided%20(Small)%20pet%20carrier', '{"amazon":"https://www.amazon.com/s?k=Amazon%20Basics%20Soft-Sided%20(Small)%20pet%20carrier","chewy":"https://www.chewy.com/s?query=Amazon%20Basics%20Soft-Sided%20(Small)"}'::jsonb, 28, null) on conflict (id) do nothing;
insert into public.carriers (id, brand, model, sku, soft_sided, length_cm, width_cm, height_cm, weight_kg, max_pet_weight_kg, verification, image_url, affiliate_url, affiliate_targets, price_usd, description) values ('amazonbasics-soft-md', 'Amazon Basics', 'Soft-Sided (Medium)', 'AMZ-SS-M', true, 49, 29, 29, 1.3, 5.5, 'unverified', null, 'https://www.amazon.com/s?k=Amazon%20Basics%20Soft-Sided%20(Medium)%20pet%20carrier', '{"amazon":"https://www.amazon.com/s?k=Amazon%20Basics%20Soft-Sided%20(Medium)%20pet%20carrier","chewy":"https://www.chewy.com/s?query=Amazon%20Basics%20Soft-Sided%20(Medium)"}'::jsonb, 33, null) on conflict (id) do nothing;
insert into public.carriers (id, brand, model, sku, soft_sided, length_cm, width_cm, height_cm, weight_kg, max_pet_weight_kg, verification, image_url, affiliate_url, affiliate_targets, price_usd, description) values ('kh-lookout', 'K&H', 'Lookout Pet Carrier', 'KH-LO', true, 45, 28, 28, 1.1, 4.5, 'community', null, 'https://www.amazon.com/s?k=K%26H%20Lookout%20Pet%20Carrier%20pet%20carrier', '{"amazon":"https://www.amazon.com/s?k=K%26H%20Lookout%20Pet%20Carrier%20pet%20carrier","chewy":"https://www.chewy.com/s?query=K%26H%20Lookout%20Pet%20Carrier"}'::jsonb, 50, null) on conflict (id) do nothing;
insert into public.carriers (id, brand, model, sku, soft_sided, length_cm, width_cm, height_cm, weight_kg, max_pet_weight_kg, verification, image_url, affiliate_url, affiliate_targets, price_usd, description) values ('away-pet-carrier', 'Away', 'The Pet Carrier', 'AWY-PC', true, 47, 28, 24, 1.6, 6, 'verified', null, 'https://www.amazon.com/s?k=Away%20The%20Pet%20Carrier%20pet%20carrier', '{"amazon":"https://www.amazon.com/s?k=Away%20The%20Pet%20Carrier%20pet%20carrier","chewy":"https://www.chewy.com/s?query=Away%20The%20Pet%20Carrier"}'::jsonb, 250, 'Premium soft carrier sized for under-seat.') on conflict (id) do nothing;
insert into public.carriers (id, brand, model, sku, soft_sided, length_cm, width_cm, height_cm, weight_kg, max_pet_weight_kg, verification, image_url, affiliate_url, affiliate_targets, price_usd, description) values ('diggs-passenger', 'Diggs', 'Passenger Travel Carrier', 'DGS-PSG', true, 46, 28, 29, 1.8, 7, 'verified', null, 'https://www.amazon.com/s?k=Diggs%20Passenger%20Travel%20Carrier%20pet%20carrier', '{"amazon":"https://www.amazon.com/s?k=Diggs%20Passenger%20Travel%20Carrier%20pet%20carrier","chewy":"https://www.chewy.com/s?query=Diggs%20Passenger%20Travel%20Carrier"}'::jsonb, 175, null) on conflict (id) do nothing;
insert into public.carriers (id, brand, model, sku, soft_sided, length_cm, width_cm, height_cm, weight_kg, max_pet_weight_kg, verification, image_url, affiliate_url, affiliate_targets, price_usd, description) values ('mr-peanuts-aspen', 'Mr. Peanut''s', 'Aspen Series', 'MPN-ASP', true, 43, 27, 27, 1, 4.5, 'community', null, 'https://www.amazon.com/s?k=Mr.%20Peanut''s%20Aspen%20Series%20pet%20carrier', '{"amazon":"https://www.amazon.com/s?k=Mr.%20Peanut''s%20Aspen%20Series%20pet%20carrier","chewy":"https://www.chewy.com/s?query=Mr.%20Peanut''s%20Aspen%20Series"}'::jsonb, 60, null) on conflict (id) do nothing;
insert into public.carriers (id, brand, model, sku, soft_sided, length_cm, width_cm, height_cm, weight_kg, max_pet_weight_kg, verification, image_url, affiliate_url, affiliate_targets, price_usd, description) values ('petsfit-expandable', 'Petsfit', 'Expandable Carrier', 'PSF-EXP', true, 46, 28, 28, 1.4, 5, 'unverified', null, 'https://www.amazon.com/s?k=Petsfit%20Expandable%20Carrier%20pet%20carrier', '{"amazon":"https://www.amazon.com/s?k=Petsfit%20Expandable%20Carrier%20pet%20carrier","chewy":"https://www.chewy.com/s?query=Petsfit%20Expandable%20Carrier"}'::jsonb, 45, 'Side panels expand once on the ground.') on conflict (id) do nothing;
insert into public.carriers (id, brand, model, sku, soft_sided, length_cm, width_cm, height_cm, weight_kg, max_pet_weight_kg, verification, image_url, affiliate_url, affiliate_targets, price_usd, description) values ('henkelion-small', 'Henkelion', 'Soft-Sided (Small)', 'HKL-SS-S', true, 40, 21, 28, 0.8, 3.2, 'unverified', null, 'https://www.amazon.com/s?k=Henkelion%20Soft-Sided%20(Small)%20pet%20carrier', '{"amazon":"https://www.amazon.com/s?k=Henkelion%20Soft-Sided%20(Small)%20pet%20carrier","chewy":"https://www.chewy.com/s?query=Henkelion%20Soft-Sided%20(Small)"}'::jsonb, 25, null) on conflict (id) do nothing;
insert into public.carriers (id, brand, model, sku, soft_sided, length_cm, width_cm, height_cm, weight_kg, max_pet_weight_kg, verification, image_url, affiliate_url, affiliate_targets, price_usd, description) values ('pawaboo-backpack', 'Pawaboo', 'Pet Travel Backpack', 'PWB-BP', true, 32, 28, 42, 0.9, 4, 'community', null, 'https://www.amazon.com/s?k=Pawaboo%20Pet%20Travel%20Backpack%20pet%20carrier', '{"amazon":"https://www.amazon.com/s?k=Pawaboo%20Pet%20Travel%20Backpack%20pet%20carrier","chewy":"https://www.chewy.com/s?query=Pawaboo%20Pet%20Travel%20Backpack"}'::jsonb, 40, 'Backpack form factor; tall profile.') on conflict (id) do nothing;
insert into public.carriers (id, brand, model, sku, soft_sided, length_cm, width_cm, height_cm, weight_kg, max_pet_weight_kg, verification, image_url, affiliate_url, affiliate_targets, price_usd, description) values ('texsens-bubble', 'Texsens', 'Bubble Backpack', 'TXS-BB', false, 42, 33, 28, 1.5, 4.5, 'community', null, 'https://www.amazon.com/s?k=Texsens%20Bubble%20Backpack%20pet%20carrier', '{"amazon":"https://www.amazon.com/s?k=Texsens%20Bubble%20Backpack%20pet%20carrier","chewy":"https://www.chewy.com/s?query=Texsens%20Bubble%20Backpack"}'::jsonb, 55, 'Semi-rigid bubble shell.') on conflict (id) do nothing;
insert into public.carriers (id, brand, model, sku, soft_sided, length_cm, width_cm, height_cm, weight_kg, max_pet_weight_kg, verification, image_url, affiliate_url, affiliate_targets, price_usd, description) values ('petsfit-sturdy', 'Petsfit', 'Sturdy Hard Carrier', 'PSF-HARD', false, 50, 33, 33, 2.8, 6, 'unverified', null, 'https://www.amazon.com/s?k=Petsfit%20Sturdy%20Hard%20Carrier%20pet%20carrier', '{"amazon":"https://www.amazon.com/s?k=Petsfit%20Sturdy%20Hard%20Carrier%20pet%20carrier","chewy":"https://www.chewy.com/s?query=Petsfit%20Sturdy%20Hard%20Carrier"}'::jsonb, 70, 'Large hard-sided; rarely cabin-legal.') on conflict (id) do nothing;
insert into public.carriers (id, brand, model, sku, soft_sided, length_cm, width_cm, height_cm, weight_kg, max_pet_weight_kg, verification, image_url, affiliate_url, affiliate_targets, price_usd, description) values ('elitefield-3door-lg', 'EliteField', '3-Door Soft (Large)', 'ELF-3D-L', true, 51, 33, 33, 1.7, 6.5, 'community', null, 'https://www.amazon.com/s?k=EliteField%203-Door%20Soft%20(Large)%20pet%20carrier', '{"amazon":"https://www.amazon.com/s?k=EliteField%203-Door%20Soft%20(Large)%20pet%20carrier","chewy":"https://www.chewy.com/s?query=EliteField%203-Door%20Soft%20(Large)"}'::jsonb, 60, 'Roomy but oversized for most cabins.') on conflict (id) do nothing;
insert into public.carriers (id, brand, model, sku, soft_sided, length_cm, width_cm, height_cm, weight_kg, max_pet_weight_kg, verification, image_url, affiliate_url, affiliate_targets, price_usd, description) values ('frisco-soft', 'Frisco', 'Soft-Sided Carrier', 'FRS-SS', true, 44, 28, 28, 1.1, 4.8, 'verified', null, 'https://www.amazon.com/s?k=Frisco%20Soft-Sided%20Carrier%20pet%20carrier', '{"amazon":"https://www.amazon.com/s?k=Frisco%20Soft-Sided%20Carrier%20pet%20carrier","chewy":"https://www.chewy.com/s?query=Frisco%20Soft-Sided%20Carrier"}'::jsonb, 35, null) on conflict (id) do nothing;
insert into public.carriers (id, brand, model, sku, soft_sided, length_cm, width_cm, height_cm, weight_kg, max_pet_weight_kg, verification, image_url, affiliate_url, affiliate_targets, price_usd, description) values ('vceoa-small', 'Vceoa', 'Soft Carrier (Small)', 'VCE-SS-S', true, 41, 28, 28, 0.9, 3.8, 'unverified', null, 'https://www.amazon.com/s?k=Vceoa%20Soft%20Carrier%20(Small)%20pet%20carrier', '{"amazon":"https://www.amazon.com/s?k=Vceoa%20Soft%20Carrier%20(Small)%20pet%20carrier","chewy":"https://www.chewy.com/s?query=Vceoa%20Soft%20Carrier%20(Small)"}'::jsonb, 27, null) on conflict (id) do nothing;
insert into public.carriers (id, brand, model, sku, soft_sided, length_cm, width_cm, height_cm, weight_kg, max_pet_weight_kg, verification, image_url, affiliate_url, affiliate_targets, price_usd, description) values ('petmate-sky-100', 'Petmate', 'Sky Kennel 100', 'PTM-SK100', false, 53, 38, 38, 3.5, 8, 'verified', null, 'https://www.amazon.com/s?k=Petmate%20Sky%20Kennel%20100%20pet%20carrier', '{"amazon":"https://www.amazon.com/s?k=Petmate%20Sky%20Kennel%20100%20pet%20carrier","chewy":"https://www.chewy.com/s?query=Petmate%20Sky%20Kennel%20100"}'::jsonb, 45, 'IATA cargo kennel; not a cabin carrier.') on conflict (id) do nothing;
insert into public.carriers (id, brand, model, sku, soft_sided, length_cm, width_cm, height_cm, weight_kg, max_pet_weight_kg, verification, image_url, affiliate_url, affiliate_targets, price_usd, description) values ('morpilot-expandable', 'Morpilot', 'Expandable Carrier', 'MRP-EXP', true, 46, 28, 28, 1.3, 5, 'unverified', null, 'https://www.amazon.com/s?k=Morpilot%20Expandable%20Carrier%20pet%20carrier', '{"amazon":"https://www.amazon.com/s?k=Morpilot%20Expandable%20Carrier%20pet%20carrier","chewy":"https://www.chewy.com/s?query=Morpilot%20Expandable%20Carrier"}'::jsonb, 42, null) on conflict (id) do nothing;

-- airline_rules
insert into public.airline_rules (id, airline_id, cabin, aircraft_type, max_length_cm, max_width_cm, max_height_cm, max_combined_weight_kg, soft_sided_requirement, aircraft_varies, notes, source_url, last_verified_at) values ('air-canada-economy', 'air-canada', 'economy', null, 55, 40, 27, 10, 'recommended', false, 'Soft carrier max 55x40x27 cm. Pet + carrier must not exceed 10 kg.', 'https://www.aircanada.com/ca/en/aco/home/plan/special-assistance/pets.html', '2026-01-15') on conflict (id) do nothing;
insert into public.airline_rules (id, airline_id, cabin, aircraft_type, max_length_cm, max_width_cm, max_height_cm, max_combined_weight_kg, soft_sided_requirement, aircraft_varies, notes, source_url, last_verified_at) values ('delta-economy', 'delta', 'economy', null, null, null, null, null, 'recommended', true, 'No fixed published dimensions; soft carrier must fit fully under the seat in front of you. Under-seat space varies by aircraft.', 'https://www.delta.com/us/en/pet-travel/overview', '2026-01-10') on conflict (id) do nothing;
insert into public.airline_rules (id, airline_id, cabin, aircraft_type, max_length_cm, max_width_cm, max_height_cm, max_combined_weight_kg, soft_sided_requirement, aircraft_varies, notes, source_url, last_verified_at) values ('united-economy', 'united', 'economy', null, 45.7, 27.9, 27.9, null, 'recommended', true, 'Soft carrier max 18x11x11 in. Hard carrier max 17.5x12x7.5 in. Under-seat clearance varies by aircraft.', 'https://www.united.com/en/us/fly/travel/special-needs/pets.html', '2026-01-12') on conflict (id) do nothing;
insert into public.airline_rules (id, airline_id, cabin, aircraft_type, max_length_cm, max_width_cm, max_height_cm, max_combined_weight_kg, soft_sided_requirement, aircraft_varies, notes, source_url, last_verified_at) values ('american-economy', 'american', 'economy', null, 48.3, 33, 22.9, null, 'recommended', false, 'Kennel max 19x13x9 in; soft-sided collapsible carriers preferred.', 'https://www.aa.com/i18n/travel-info/special-assistance/pets.jsp', '2026-01-08') on conflict (id) do nothing;
insert into public.airline_rules (id, airline_id, cabin, aircraft_type, max_length_cm, max_width_cm, max_height_cm, max_combined_weight_kg, soft_sided_requirement, aircraft_varies, notes, source_url, last_verified_at) values ('southwest-economy', 'southwest', 'economy', null, 47, 21.6, 34.3, null, null, false, 'Carrier max 18.5x8.5x13.5 in. Hard or soft permitted.', 'https://www.southwest.com/help/traveling-with-pets', '2026-01-09') on conflict (id) do nothing;
insert into public.airline_rules (id, airline_id, cabin, aircraft_type, max_length_cm, max_width_cm, max_height_cm, max_combined_weight_kg, soft_sided_requirement, aircraft_varies, notes, source_url, last_verified_at) values ('jetblue-economy', 'jetblue', 'economy', null, 43.2, 31.8, 21.6, 9.07, 'required', false, 'Soft carrier only, max 17x12.5x8.5 in. Combined pet + carrier max 20 lb.', 'https://www.jetblue.com/traveling-together/traveling-with-pets', '2026-01-11') on conflict (id) do nothing;
insert into public.airline_rules (id, airline_id, cabin, aircraft_type, max_length_cm, max_width_cm, max_height_cm, max_combined_weight_kg, soft_sided_requirement, aircraft_varies, notes, source_url, last_verified_at) values ('alaska-economy', 'alaska', 'economy', null, 43.2, 27.9, 24.1, null, 'recommended', false, 'Soft carrier max 17x11x9.5 in; hard carrier max 17x11x7.5 in.', 'https://www.alaskaair.com/content/travel-info/policies/pets-traveling-with-pets', '2026-01-07') on conflict (id) do nothing;
insert into public.airline_rules (id, airline_id, cabin, aircraft_type, max_length_cm, max_width_cm, max_height_cm, max_combined_weight_kg, soft_sided_requirement, aircraft_varies, notes, source_url, last_verified_at) values ('lufthansa-economy', 'lufthansa', 'economy', null, 55, 40, 23, 8, 'recommended', false, 'Carrier max 55x40x23 cm. Combined pet + carrier max 8 kg in cabin.', 'https://www.lufthansa.com/de/en/travelling-with-animals', '2026-01-14') on conflict (id) do nothing;
insert into public.airline_rules (id, airline_id, cabin, aircraft_type, max_length_cm, max_width_cm, max_height_cm, max_combined_weight_kg, soft_sided_requirement, aircraft_varies, notes, source_url, last_verified_at) values ('lufthansa-business', 'lufthansa', 'business', null, 55, 40, 23, 8, 'recommended', true, 'Same carrier limits as economy, but lie-flat seat footwells vary by aircraft.', 'https://www.lufthansa.com/de/en/travelling-with-animals', '2026-01-14') on conflict (id) do nothing;

-- product_codes
insert into public.product_codes (code, carrier_id) values ('FPP-SHP-OD-M', 'sherpa-original-md') on conflict (code) do nothing;
insert into public.product_codes (code, carrier_id) values ('FPP-SLP-AIR', 'sleepypod-air') on conflict (code) do nothing;
insert into public.product_codes (code, carrier_id) values ('FPP-STB-LG', 'sturdibag-large') on conflict (code) do nothing;
insert into public.product_codes (code, carrier_id) values ('FPP-AWY-PC', 'away-pet-carrier') on conflict (code) do nothing;
insert into public.product_codes (code, carrier_id) values ('FPP-DGS-PSG', 'diggs-passenger') on conflict (code) do nothing;
insert into public.product_codes (code, carrier_id) values ('FPP-PTM-SK100', 'petmate-sky-100') on conflict (code) do nothing;

-- affiliate_targets
insert into public.affiliate_targets (carrier_id, network, url) values ('sherpa-original-md', 'amazon', 'https://www.amazon.com/s?k=Sherpa%20Original%20Deluxe%20(Medium)%20pet%20carrier') on conflict (carrier_id, network) do nothing;
insert into public.affiliate_targets (carrier_id, network, url) values ('sherpa-original-md', 'chewy', 'https://www.chewy.com/s?query=Sherpa%20Original%20Deluxe%20(Medium)') on conflict (carrier_id, network) do nothing;
insert into public.affiliate_targets (carrier_id, network, url) values ('sherpa-original-lg', 'amazon', 'https://www.amazon.com/s?k=Sherpa%20Original%20Deluxe%20(Large)%20pet%20carrier') on conflict (carrier_id, network) do nothing;
insert into public.affiliate_targets (carrier_id, network, url) values ('sherpa-original-lg', 'chewy', 'https://www.chewy.com/s?query=Sherpa%20Original%20Deluxe%20(Large)') on conflict (carrier_id, network) do nothing;
insert into public.affiliate_targets (carrier_id, network, url) values ('sleepypod-air', 'amazon', 'https://www.amazon.com/s?k=Sleepypod%20Air%20In-Cabin%20pet%20carrier') on conflict (carrier_id, network) do nothing;
insert into public.affiliate_targets (carrier_id, network, url) values ('sleepypod-air', 'chewy', 'https://www.chewy.com/s?query=Sleepypod%20Air%20In-Cabin') on conflict (carrier_id, network) do nothing;
insert into public.affiliate_targets (carrier_id, network, url) values ('sturdibag-large', 'amazon', 'https://www.amazon.com/s?k=SturdiBag%20Large%20Flexible-Height%20pet%20carrier') on conflict (carrier_id, network) do nothing;
insert into public.affiliate_targets (carrier_id, network, url) values ('sturdibag-large', 'chewy', 'https://www.chewy.com/s?query=SturdiBag%20Large%20Flexible-Height') on conflict (carrier_id, network) do nothing;
insert into public.affiliate_targets (carrier_id, network, url) values ('sturdibag-small', 'amazon', 'https://www.amazon.com/s?k=SturdiBag%20Small%20Flexible-Height%20pet%20carrier') on conflict (carrier_id, network) do nothing;
insert into public.affiliate_targets (carrier_id, network, url) values ('sturdibag-small', 'chewy', 'https://www.chewy.com/s?query=SturdiBag%20Small%20Flexible-Height') on conflict (carrier_id, network) do nothing;
insert into public.affiliate_targets (carrier_id, network, url) values ('petmate-two-door', 'amazon', 'https://www.amazon.com/s?k=Petmate%20Two%20Door%20Top%20Load%20pet%20carrier') on conflict (carrier_id, network) do nothing;
insert into public.affiliate_targets (carrier_id, network, url) values ('petmate-two-door', 'chewy', 'https://www.chewy.com/s?query=Petmate%20Two%20Door%20Top%20Load') on conflict (carrier_id, network) do nothing;
insert into public.affiliate_targets (carrier_id, network, url) values ('amazonbasics-soft-sm', 'amazon', 'https://www.amazon.com/s?k=Amazon%20Basics%20Soft-Sided%20(Small)%20pet%20carrier') on conflict (carrier_id, network) do nothing;
insert into public.affiliate_targets (carrier_id, network, url) values ('amazonbasics-soft-sm', 'chewy', 'https://www.chewy.com/s?query=Amazon%20Basics%20Soft-Sided%20(Small)') on conflict (carrier_id, network) do nothing;
insert into public.affiliate_targets (carrier_id, network, url) values ('amazonbasics-soft-md', 'amazon', 'https://www.amazon.com/s?k=Amazon%20Basics%20Soft-Sided%20(Medium)%20pet%20carrier') on conflict (carrier_id, network) do nothing;
insert into public.affiliate_targets (carrier_id, network, url) values ('amazonbasics-soft-md', 'chewy', 'https://www.chewy.com/s?query=Amazon%20Basics%20Soft-Sided%20(Medium)') on conflict (carrier_id, network) do nothing;
insert into public.affiliate_targets (carrier_id, network, url) values ('kh-lookout', 'amazon', 'https://www.amazon.com/s?k=K%26H%20Lookout%20Pet%20Carrier%20pet%20carrier') on conflict (carrier_id, network) do nothing;
insert into public.affiliate_targets (carrier_id, network, url) values ('kh-lookout', 'chewy', 'https://www.chewy.com/s?query=K%26H%20Lookout%20Pet%20Carrier') on conflict (carrier_id, network) do nothing;
insert into public.affiliate_targets (carrier_id, network, url) values ('away-pet-carrier', 'amazon', 'https://www.amazon.com/s?k=Away%20The%20Pet%20Carrier%20pet%20carrier') on conflict (carrier_id, network) do nothing;
insert into public.affiliate_targets (carrier_id, network, url) values ('away-pet-carrier', 'chewy', 'https://www.chewy.com/s?query=Away%20The%20Pet%20Carrier') on conflict (carrier_id, network) do nothing;
insert into public.affiliate_targets (carrier_id, network, url) values ('diggs-passenger', 'amazon', 'https://www.amazon.com/s?k=Diggs%20Passenger%20Travel%20Carrier%20pet%20carrier') on conflict (carrier_id, network) do nothing;
insert into public.affiliate_targets (carrier_id, network, url) values ('diggs-passenger', 'chewy', 'https://www.chewy.com/s?query=Diggs%20Passenger%20Travel%20Carrier') on conflict (carrier_id, network) do nothing;
insert into public.affiliate_targets (carrier_id, network, url) values ('mr-peanuts-aspen', 'amazon', 'https://www.amazon.com/s?k=Mr.%20Peanut''s%20Aspen%20Series%20pet%20carrier') on conflict (carrier_id, network) do nothing;
insert into public.affiliate_targets (carrier_id, network, url) values ('mr-peanuts-aspen', 'chewy', 'https://www.chewy.com/s?query=Mr.%20Peanut''s%20Aspen%20Series') on conflict (carrier_id, network) do nothing;
insert into public.affiliate_targets (carrier_id, network, url) values ('petsfit-expandable', 'amazon', 'https://www.amazon.com/s?k=Petsfit%20Expandable%20Carrier%20pet%20carrier') on conflict (carrier_id, network) do nothing;
insert into public.affiliate_targets (carrier_id, network, url) values ('petsfit-expandable', 'chewy', 'https://www.chewy.com/s?query=Petsfit%20Expandable%20Carrier') on conflict (carrier_id, network) do nothing;
insert into public.affiliate_targets (carrier_id, network, url) values ('henkelion-small', 'amazon', 'https://www.amazon.com/s?k=Henkelion%20Soft-Sided%20(Small)%20pet%20carrier') on conflict (carrier_id, network) do nothing;
insert into public.affiliate_targets (carrier_id, network, url) values ('henkelion-small', 'chewy', 'https://www.chewy.com/s?query=Henkelion%20Soft-Sided%20(Small)') on conflict (carrier_id, network) do nothing;
insert into public.affiliate_targets (carrier_id, network, url) values ('pawaboo-backpack', 'amazon', 'https://www.amazon.com/s?k=Pawaboo%20Pet%20Travel%20Backpack%20pet%20carrier') on conflict (carrier_id, network) do nothing;
insert into public.affiliate_targets (carrier_id, network, url) values ('pawaboo-backpack', 'chewy', 'https://www.chewy.com/s?query=Pawaboo%20Pet%20Travel%20Backpack') on conflict (carrier_id, network) do nothing;
insert into public.affiliate_targets (carrier_id, network, url) values ('texsens-bubble', 'amazon', 'https://www.amazon.com/s?k=Texsens%20Bubble%20Backpack%20pet%20carrier') on conflict (carrier_id, network) do nothing;
insert into public.affiliate_targets (carrier_id, network, url) values ('texsens-bubble', 'chewy', 'https://www.chewy.com/s?query=Texsens%20Bubble%20Backpack') on conflict (carrier_id, network) do nothing;
insert into public.affiliate_targets (carrier_id, network, url) values ('petsfit-sturdy', 'amazon', 'https://www.amazon.com/s?k=Petsfit%20Sturdy%20Hard%20Carrier%20pet%20carrier') on conflict (carrier_id, network) do nothing;
insert into public.affiliate_targets (carrier_id, network, url) values ('petsfit-sturdy', 'chewy', 'https://www.chewy.com/s?query=Petsfit%20Sturdy%20Hard%20Carrier') on conflict (carrier_id, network) do nothing;
insert into public.affiliate_targets (carrier_id, network, url) values ('elitefield-3door-lg', 'amazon', 'https://www.amazon.com/s?k=EliteField%203-Door%20Soft%20(Large)%20pet%20carrier') on conflict (carrier_id, network) do nothing;
insert into public.affiliate_targets (carrier_id, network, url) values ('elitefield-3door-lg', 'chewy', 'https://www.chewy.com/s?query=EliteField%203-Door%20Soft%20(Large)') on conflict (carrier_id, network) do nothing;
insert into public.affiliate_targets (carrier_id, network, url) values ('frisco-soft', 'amazon', 'https://www.amazon.com/s?k=Frisco%20Soft-Sided%20Carrier%20pet%20carrier') on conflict (carrier_id, network) do nothing;
insert into public.affiliate_targets (carrier_id, network, url) values ('frisco-soft', 'chewy', 'https://www.chewy.com/s?query=Frisco%20Soft-Sided%20Carrier') on conflict (carrier_id, network) do nothing;
insert into public.affiliate_targets (carrier_id, network, url) values ('vceoa-small', 'amazon', 'https://www.amazon.com/s?k=Vceoa%20Soft%20Carrier%20(Small)%20pet%20carrier') on conflict (carrier_id, network) do nothing;
insert into public.affiliate_targets (carrier_id, network, url) values ('vceoa-small', 'chewy', 'https://www.chewy.com/s?query=Vceoa%20Soft%20Carrier%20(Small)') on conflict (carrier_id, network) do nothing;
insert into public.affiliate_targets (carrier_id, network, url) values ('petmate-sky-100', 'amazon', 'https://www.amazon.com/s?k=Petmate%20Sky%20Kennel%20100%20pet%20carrier') on conflict (carrier_id, network) do nothing;
insert into public.affiliate_targets (carrier_id, network, url) values ('petmate-sky-100', 'chewy', 'https://www.chewy.com/s?query=Petmate%20Sky%20Kennel%20100') on conflict (carrier_id, network) do nothing;
insert into public.affiliate_targets (carrier_id, network, url) values ('morpilot-expandable', 'amazon', 'https://www.amazon.com/s?k=Morpilot%20Expandable%20Carrier%20pet%20carrier') on conflict (carrier_id, network) do nothing;
insert into public.affiliate_targets (carrier_id, network, url) values ('morpilot-expandable', 'chewy', 'https://www.chewy.com/s?query=Morpilot%20Expandable%20Carrier') on conflict (carrier_id, network) do nothing;

-- merchants
insert into public.merchants (id, name, slug, website_url) values ('petgearco', 'PetGear Co.', 'petgearco', 'https://example.com/petgearco') on conflict (id) do nothing;
insert into public.merchants (id, name, slug, website_url) values ('traveltails', 'Travel Tails', 'traveltails', 'https://example.com/traveltails') on conflict (id) do nothing;

-- merchant_products
insert into public.merchant_products (id, merchant_id, carrier_id, external_product_id, product_url) values ('mp-1', 'petgearco', 'sherpa-original-md', 'PG-1001', 'https://example.com/petgearco/products/PG-1001') on conflict (id) do nothing;
insert into public.merchant_products (id, merchant_id, carrier_id, external_product_id, product_url) values ('mp-2', 'petgearco', 'sturdibag-large', 'PG-1002', 'https://example.com/petgearco/products/PG-1002') on conflict (id) do nothing;
insert into public.merchant_products (id, merchant_id, carrier_id, external_product_id, product_url) values ('mp-3', 'traveltails', 'away-pet-carrier', 'TT-555', 'https://example.com/traveltails/products/TT-555') on conflict (id) do nothing;
insert into public.merchant_products (id, merchant_id, carrier_id, external_product_id, product_url) values ('mp-4', 'traveltails', 'diggs-passenger', 'TT-556', 'https://example.com/traveltails/products/TT-556') on conflict (id) do nothing;

commit;
